center_latitude,center_longitude,cluster_label
45.607938,10.801089,0
41.911037,-103.809823,2
50.70577,-0.836192,0
45.486716,3.08256,0
51.857393,-4.329288,0
40.26965,-78.135481,2
51.298332,23.075677,0
35.687947,139.772512,1
49.320103,15.561097,0
32.774688,35.267078,1
52.481984,-1.895021,0
5.384904,-39.130051,3
32.810564,1.06853,0
37.17095,-109.988373,2
50.570672,8.26629,0
45.102933,12.161396,0
2.247405,20.601336,3
56.795841,-4.482874,0
48.878404,2.344521,0
42.32722,-90.759225,2
46.799627,1.465595,0
37.064573,-76.541629,2
52.778588,-2.03389,0
40.847741,14.233424,0
40.86682,-72.975473,2
45.070766,12.084633,0
6.125826,81.570813,1
27.543916,36.26758,1
51.877566,-106.502673,2
51.545032,-0.103094,0
44.564168,15.032818,0
36.217261,24.552028,0
41.311016,13.0457,0
32.178482,-88.60294,2
43.601229,1.449126,0
38.82975,-77.472552,2
51.506906,-0.112835,0
42.983997,-70.61323,2
50.790912,5.027268,0
46.771892,8.171581,0
39.803377,33.468708,0
49.745209,3.072049,0
33.803826,-118.071912,2
48.074656,0.382709,0
35.13976,79.618431,1
52.208856,10.952575,0
45.425052,34.757834,0
39.128235,22.964485,0
32.604702,-86.731047,2
20.022909,-75.8283,2
57.32891,39.418099,0
47.597335,0.621996,0
6.001698,-1.050696,3
48.853487,6.433762,0
40.277045,-80.205678,2
15.434313,12.702923,3
1.284391,103.85209,1
44.009967,-74.270796,2
51.482609,-0.110377,0
42.895194,-78.932508,2
14.136126,-9.584811,3
41.794944,23.566823,0
54.510743,9.389126,0
23.132334,-82.35445,2
39.437996,61.014828,1
47.915145,2.380495,0
-33.098512,151.276759,4
57.037798,32.67156,0
11.647029,90.937222,1
38.131203,127.435978,1
39.143488,-78.202249,2
16.798508,-36.550606,3
37.064517,15.242771,0
43.266729,-2.938713,0
-32.844603,26.555648,3
67.176495,-24.355363,0
46.803586,-0.782514,0
38.406624,-78.030445,2
-31.526491,152.721662,4
51.514224,-0.094197,0
40.662657,1.309807,0
-3.059264,133.347997,4
49.98261,8.255698,0
44.751331,-89.967823,2
56.081761,40.977133,0
41.425507,-86.407652,2
51.588584,-2.99636,0
23.07545,113.232068,1
54.025538,-2.225448,0
30.348807,-99.127824,2
45.434915,12.350477,0
32.747148,-16.889032,0
25.779314,-102.972093,2
49.922858,10.100551,0
51.266253,19.834154,0
39.979561,-1.025569,0
51.507116,-0.099057,0
46.958616,17.493709,0
52.150294,-1.477047,0
41.541324,-77.908081,2
35.103739,-109.959761,2
52.080405,9.413504,0
51.329518,-1.971685,0
54.674212,-2.716772,0
30.227216,-88.023144,2
14.065495,13.82167,3
-21.348337,165.823391,4
22.155784,84.156138,1
59.926362,10.743888,0
52.246044,21.046085,0
44.631085,21.50954,0
32.180087,35.275435,1
52.882298,-7.462773,0
56.093392,-3.945597,0
31.311849,77.636081,1
51.882272,-4.52646,0
44.632342,33.548404,0
-11.935301,-67.189933,3
41.808559,12.351916,0
59.94176,30.314168,0
55.529461,9.718914,0
53.188956,-2.896926,0
51.751897,-0.342442,0
45.503003,-73.565751,2
53.98906,60.981682,0
61.985864,48.212953,0
51.857971,-8.344783,0
-41.108828,172.458369,4
56.706818,-4.669098,0
53.496005,13.199053,0
50.369438,-5.052144,0
-5.484324,13.594934,3
37.672021,-77.308015,2
40.398508,-79.861547,2
64.957859,-18.746112,0
41.095334,29.032973,0
38.023962,23.792601,0
39.124137,6.962553,0
36.492983,-95.136586,2
50.581077,5.080853,0
52.40269,19.187212,0
40.344702,21.962499,0
46.687577,2.602532,0
38.417399,32.905184,0
40.725575,-74.040521,2
8.026985,79.574049,1
3.134143,-60.992289,3
50.370627,5.809981,0
43.316185,-71.532434,2
44.061162,-69.791436,2
34.331157,-73.549979,2
5.333302,36.281396,3
53.023998,-7.333993,0
51.752941,-1.255389,0
51.833649,-0.266808,0
42.626938,-81.597267,2
43.328773,-123.875665,2
53.760832,-2.698462,0
-40.814624,172.562579,4
-24.927563,133.92019,4
10.077187,18.758808,3
51.529828,-0.106982,0
35.727194,89.147962,1
51.600728,0.85229,0
51.964467,5.216855,0
47.048566,20.375185,0
28.478611,80.578168,1
-30.950509,24.506537,3
51.925238,0.050905,0
39.64106,-80.564409,2
31.768776,-81.280991,2
34.936993,9.468022,0
58.955284,-3.01902,0
45.666603,12.246235,0
46.976163,8.124892,0
55.944648,-3.189884,0
52.257226,1.054521,0
40.615589,-6.780096,0
24.492522,70.077784,1
56.484265,-3.42407,0
58.028173,15.574612,0
54.009781,-1.870733,0
40.79371,-73.952961,2
43.116929,6.159032,0
-38.133791,176.254881,4
44.312938,-78.33419,2
50.514161,10.731451,0
46.911485,1.361901,0
25.94064,-97.488719,2
31.776016,35.233345,1
37.90408,136.90296,1
14.62032,-87.574448,2
39.591659,22.808457,0
42.038091,-2.822333,0
-27.585712,29.877419,3
53.074659,-1.600273,0
55.828505,-4.58975,0
-4.682383,14.967794,3
25.246796,118.888309,1
42.928826,-72.277825,2
46.63563,19.165896,0
29.949227,69.443046,1
40.090404,-3.568068,0
51.147303,0.155613,0
55.971918,-3.187423,0
51.405447,0.840071,0
43.027015,-88.66232,2
43.661829,-79.353241,2
47.81615,3.551695,0
41.895136,12.501809,0
55.972851,-3.191487,0
41.878398,-90.304966,2
52.338917,-7.838714,0
46.748527,1.539168,0
70.345217,-108.7638,2
54.828787,27.109615,0
-33.994841,151.1905,4
49.232387,14.973439,0
43.953416,-72.175289,2
40.706987,-74.01055,2
52.935451,-3.702097,0
48.649479,-2.017441,0
53.496539,-7.696105,0
43.756517,10.452216,0
17.786297,38.773402,1
51.436918,6.765073,0
-33.38819,18.877704,3
43.438885,0.839788,0
19.076479,-98.982179,2
41.148111,-8.581592,0
44.59559,33.58666,0
51.606856,0.615597,0
48.496841,4.157105,0
55.94868,-3.199782,0
2.774369,16.457149,3
37.153154,-119.460621,2
19.573512,-98.978808,2
54.175046,-7.235906,0
65.112463,-169.076155,2
44.563416,33.64946,0
52.150401,20.061618,0
44.033585,-77.150178,2
43.003542,-2.705137,0
34.556562,-111.991916,2
53.343993,-6.269785,0
51.63701,14.084741,0
43.379451,24.580185,0
51.456824,-2.626329,0
41.551436,-73.035643,2
38.487121,-77.843158,2
52.370546,4.8976,0
48.865155,2.338071,0
43.324024,-71.503584,2
40.702448,-73.943173,2
49.017263,11.462755,0
45.800819,34.635644,0
52.150024,-1.739488,0
47.320539,5.039345,0
-19.235536,22.375667,3
51.514507,-0.126446,0
42.383689,-71.053947,2
50.677492,4.575239,0
6.491526,6.426096,3
-45.485296,168.09034,4
55.516806,-4.533927,0
53.749962,-0.330674,0
47.490406,44.974627,0
38.674154,-78.679823,2
36.961984,38.310007,1
35.689511,53.351282,1
51.213791,12.184755,0
27.821877,32.185326,1
-33.923236,18.423985,3
51.902383,-2.071113,0
41.740799,-71.756966,2
8.898821,32.222493,3
18.960849,96.134133,1
43.667258,-79.393021,2
51.925115,-4.167629,0
34.181019,-84.81999,2
53.557083,24.8835,0
22.531628,-73.954652,2
-0.007522,32.727792,3
49.323248,5.293768,0
19.670429,79.273606,1
30.394175,31.605001,1
52.23587,-0.899603,0
65.760933,2.798614,0
46.813797,8.313023,0
-33.966546,18.404936,3
-6.532424,9.394733,3
37.727576,19.99504,0
35.789118,-110.1458,2
49.888292,14.326083,0
56.773544,-4.454309,0
51.821233,-0.775157,0
51.514152,-0.092133,0
52.34165,-0.42675,0
51.054412,3.726231,0
51.970888,4.529633,0
44.554315,0.167789,0
42.326766,47.025916,0
37.953308,23.686655,0
-32.787395,22.36553,3
51.170631,-0.900947,0
39.951064,-75.157913,2
37.212347,-76.503365,2
51.420582,0.690969,0
64.088536,16.259837,0
35.915757,-82.799335,2
38.773393,86.942241,1
13.027895,-88.345661,2
15.370933,5.241601,3
51.482865,-0.218975,0
19.431946,-99.146596,2
48.766896,2.621812,0
53.864645,-2.655511,0
41.008979,28.972424,0
29.973087,33.735457,1
41.324017,-86.126713,2
9.796826,19.583601,3
53.28465,-4.364978,0
44.594751,33.5603,0
57.018104,-4.996273,0
32.963014,46.592738,1
41.175174,-76.236113,2
38.066927,25.427699,0
39.561635,-76.066375,2
61.791059,32.037718,0
50.716663,12.490964,0
40.61558,-74.042579,2
53.406728,-8.040145,0
40.886209,-79.502086,2
11.69503,-85.475401,2
8.529539,-3.901849,3
75.588691,105.832666,0
14.95802,-88.819008,2
62.642783,15.547816,0
38.71031,24.59826,0
39.946619,-3.192562,0
40.598323,-91.558046,2
56.071549,-3.460406,0
-40.858365,172.712488,4
43.96013,-70.484981,2
43.079132,-79.069055,2
-16.779551,34.30549,3
51.512281,-0.09,0
32.887165,35.586282,1
17.483405,-92.04586,2
36.610986,-84.909601,2
52.6001,1.726314,0
39.1316,-94.689774,2
52.451653,-3.646252,0
-38.01324,141.552521,4
40.729785,-73.99467,2
48.219714,16.345605,0
53.224747,-2.485646,0
48.858553,2.334363,0
17.442181,-1.142569,3
52.070097,-2.334044,0
54.717766,40.381535,0
32.044045,34.760457,1
50.505818,4.787117,0
42.823391,-75.988725,2
38.040345,24.124262,0
32.729314,-79.888772,2
52.093433,4.30329,0
41.075549,-73.726349,2
51.049683,3.721436,0
43.114125,-74.848675,2
51.455647,-2.601775,0
52.9874,-2.413329,0
51.452559,-2.592156,0
38.377796,23.083541,0
47.482932,19.05987,0
41.283569,-101.668367,2
20.702946,82.55807,1
39.05812,-82.430293,2
45.542998,3.249834,0
52.958515,-2.14191,0
44.026855,-0.759258,0
-1.530525,120.618877,4
32.340019,57.025713,1
43.628652,-0.961504,0
36.708525,-96.569609,2
55.750424,37.624307,0
13.443949,-6.275996,3
49.993061,2.291197,0
51.778122,0.614514,0
40.122901,8.98537,0
51.647792,-3.824366,0
41.88823,12.486911,0
57.151532,-5.348703,0
40.345173,1.46881,0
39.621854,-75.781876,2
37.955308,-122.242756,2
52.516126,13.748499,0
52.023356,-9.607974,0
30.042251,-88.609084,2
46.461418,22.558429,0
-11.762193,151.819417,4
48.382076,-97.02678,2
9.427817,-3.28041,3
48.863333,2.337078,0
51.697008,-2.677018,0
45.463611,-1.034847,0
31.775726,35.232025,1
41.164976,12.683619,0
54.362913,-2.992829,0
51.85508,-4.932157,0
33.862526,133.07455,1
51.537306,-0.347795,0
44.555441,33.496577,0
53.510527,-8.001269,0
54.791387,10.39057,0
5.880058,21.968695,3
36.150298,-5.386645,0
46.66116,5.613181,0
44.574701,-85.213743,2
48.863357,2.337111,0
31.655793,35.70135,1
39.817333,-76.234541,2
18.933266,72.836057,1
70.949041,149.34309,1
20.29453,82.831325,1
31.77852,35.22971,1
62.309339,18.434799,0
49.709438,9.762089,0
11.008158,77.708412,1
51.527414,-0.107031,0
52.516583,0.501291,0
54.868459,-4.312176,0
50.376615,-4.688253,0
44.378226,-68.880537,2
-1.810965,-74.870131,3
56.457633,-5.990515,0
-12.357795,84.835725,4
45.938686,4.486127,0
41.091439,29.04988,0
45.540478,-110.909176,2
20.278923,68.242622,1
38.139974,23.636956,0
49.371689,0.985061,0
14.787995,-14.214905,3
54.89475,-2.938521,0
58.326071,11.180592,0
14.185886,31.583685,1
46.581134,-71.413079,2
32.43048,35.490824,1
39.20193,-9.304723,0
50.634416,-2.380091,0
-35.363379,150.165805,4
50.851653,0.470256,0
18.511861,73.847028,1
48.678951,10.62481,0
36.55522,127.231059,1
48.336286,-55.284725,2
46.771905,1.461131,0
45.742149,13.020832,0
41.722044,-72.647872,2
32.759843,-79.858682,2
39.166042,-77.137185,2
54.956098,-2.689044,0
55.859415,-4.247693,0
54.734096,-1.654481,0
49.767556,0.368694,0
19.432115,-99.146811,2
51.751141,-1.258543,0
17.955359,-98.26342,2
44.591857,33.581516,0
52.745633,-2.357825,0
24.698436,84.98015,1
20.195749,80.59932,1
42.126052,-71.926072,2
51.169568,17.599495,0
50.942898,2.613872,0
42.775492,-71.555605,2
52.305121,6.44034,0
52.095672,-2.710155,0
34.023718,-6.824319,0
51.032689,1.189676,0
54.094314,-0.201718,0
25.116033,117.021241,1
2.327885,31.327503,3
54.541252,39.21636,0
-30.881268,29.510947,3
21.297037,80.847079,1
44.494777,11.34397,0
19.412854,-99.148994,2
43.863122,18.643531,0
51.900894,-2.074451,0
57.009882,-3.840419,0
42.666416,-89.069016,2
-4.050496,34.655061,3
41.607543,-72.421786,2
22.927661,76.310448,1
51.65388,-0.082782,0
9.263337,113.858254,1
41.240422,-76.08557,2
51.476684,-3.172833,0
42.565043,4.665443,0
57.003823,-4.319127,0
44.547306,3.489811,0
44.76663,16.273073,0
51.643606,-1.164402,0
53.363731,15.006016,0
34.935243,-85.265285,2
51.670229,16.086241,0
41.014671,28.955028,0
56.067304,-4.599021,0
51.222345,19.469901,0
42.729258,-76.462788,2
50.72898,-2.583478,0
52.253763,18.453788,0
36.954402,126.27513,1
14.643573,-61.015319,2
38.801414,-77.543972,2
41.974397,-87.716234,2
11.173756,-60.740739,2
19.256432,-98.87786,2
37.131976,4.020928,0
42.247884,-84.58061,2
-25.146721,24.841889,3
30.210043,-90.28455,2
53.849555,-8.991914,0
12.56817,37.893737,1
45.746214,20.077144,0
59.715304,-2.230392,0
48.77646,7.02178,0
51.744066,-1.098493,0
-27.522294,26.171486,3
45.47954,-73.672853,2
31.511901,-9.770498,0
49.942336,-97.181625,2
7.577624,39.549664,3
54.999456,-3.057753,0
46.471469,3.166806,0
50.972018,-0.078213,0
56.150075,11.545832,0
27.20427,77.48119,1
25.71506,32.625214,1
49.315207,11.724992,0
-36.136356,144.745136,4
44.585885,33.543956,0
46.000239,8.641446,0
52.288848,0.413371,0
50.622977,-1.313551,0
-18.350126,-59.617383,3
39.901623,22.514509,0
40.512848,-4.650174,0
44.570052,8.00976,0
3.113316,-77.883643,3
44.251354,-81.674905,2
51.501952,-0.124892,0
40.850588,28.005504,0
51.561367,-0.245267,0
32.481314,35.322926,1
72.039545,-88.402936,2
39.918553,-91.524737,2
56.015605,-4.023287,0
-13.315299,25.035192,3
42.193838,-72.642779,2
1.147014,104.038575,1
7.513677,-20.670894,3
40.206332,-111.756737,2
51.540363,-0.10033,0
32.053738,73.962181,1
55.824752,-5.110182,0
53.784645,-2.98524,0
30.196955,71.471508,1
14.582238,120.516415,1
59.944303,30.310694,0
28.448027,32.260642,1
29.045443,33.075243,1
6.109493,-0.988863,3
37.084163,15.255605,0
32.746846,-80.394731,2
51.342841,9.084778,0
28.097654,78.760213,1
43.566819,15.947431,0
36.211412,135.730613,1
47.017647,2.467321,0
2.338759,18.980581,3
40.572697,-6.89601,0
52.512258,-2.339736,0
58.980574,-2.922156,0
-21.669178,26.078997,3
8.031559,14.237006,3
-23.00938,144.965116,4
55.949675,-3.186194,0
18.923474,34.555419,1
40.712592,-74.006142,2
36.707218,2.975518,0
51.513808,-0.098467,0
3.747879,9.717526,3
52.899198,-1.989502,0
56.855303,-4.302339,0
52.694492,-1.926974,0
49.438806,1.09235,0
19.491501,81.006157,1
42.856781,-2.688436,0
41.767205,-71.801918,2
44.735898,-72.135898,2
51.552795,-1.130207,0
54.135882,-1.52135,0
52.27465,-8.237363,0
62.795876,16.028433,0
-16.874082,49.86634,3
50.435635,-4.061639,0
53.50049,-7.9337,0
43.609328,1.454024,0
45.158328,-73.930201,2
43.660731,-79.39625,2
49.655656,5.187522,0
36.602852,32.679737,0
0.397419,19.881328,3
-38.150404,176.251013,4
-37.766451,175.484486,4
45.504563,-73.554307,2
42.218393,-97.285515,2
58.51801,-4.730335,0
42.364987,-71.054172,2
42.278152,-71.028263,2
49.387752,23.097333,0
37.96183,23.55146,0
51.803398,-2.109411,0
51.847549,-1.371704,0
-17.67327,-149.493154,3
52.311578,-1.595635,0
50.491613,4.537372,0
52.583432,-1.454694,0
48.301489,8.136245,0
-21.980539,-44.936121,3
43.595557,-117.387863,2
40.696068,-73.992825,2
56.27972,17.081049,0
68.696525,26.880322,0
39.871351,-75.232775,2
48.553008,9.343435,0
29.584626,104.108694,1
53.12258,8.146892,0
50.990931,41.132475,0
39.904593,116.390416,1
8.738727,16.820744,3
43.648098,-79.370686,2
34.613475,-88.1197,2
38.887701,-111.3335,2
25.737413,68.789284,1
37.821676,-85.938742,2
34.62284,-84.971842,2
43.389765,-1.232892,0
52.619365,-2.224726,0
56.589505,-5.288009,0
-24.082115,122.984657,4
43.151981,-79.064211,2
43.745241,18.327703,0
37.803281,29.045745,0
44.611534,40.243392,0
50.206247,-5.073601,0
48.856472,2.334367,0
44.601807,33.560968,0
36.759328,-97.038308,2
51.505541,-0.182509,0
41.141045,-8.603717,0
48.48556,5.067678,0
51.515708,-0.121725,0
57.176346,-4.636515,0
14.846836,40.682319,1
36.862509,10.3128,0
-1.823692,24.302844,3
39.457624,-77.7327,2
53.079468,-1.124701,0
50.155376,13.964015,0
37.971715,23.728749,0
56.850805,-4.897406,0
41.260718,-8.138409,0
52.860562,-2.124214,0
47.14606,22.632212,0
58.780366,12.793235,0
-3.513623,39.598794,3
40.852677,14.259771,0
38.900102,-76.703188,2
51.512191,-0.098983,0
45.292062,5.5089,0
-4.75959,34.091841,3
45.745005,4.231617,0
16.37316,-15.064995,3
32.753444,-79.889369,2
39.285729,-76.591965,2
51.140461,-0.934473,0
19.50312,-78.82429,2
48.804373,2.124937,0
17.231421,55.095063,1
38.671144,33.793999,0
17.405124,52.590617,1
38.823256,-77.535382,2
54.010636,-6.399373,0
39.53388,-6.158066,0
52.391926,-3.797565,0
50.87657,-4.371603,0
36.835926,10.216213,0
21.778493,-73.220901,2
47.395771,0.687958,0
-35.394795,173.530062,4
51.529403,-0.152367,0
51.847464,-1.371517,0
54.974777,28.700359,0
31.22181,-81.356713,2
36.669911,-81.408518,2
51.165496,-1.442955,0
52.293772,0.186696,0
51.518396,-0.089156,0
49.662188,79.352529,1
18.721078,34.775708,1
21.720185,83.577376,1
55.510369,9.812054,0
44.821934,20.452629,0
51.774895,0.652858,0
58.044505,-76.20273,2
56.02743,-1.346311,0
52.986221,-2.09473,0
49.758668,17.26326,0
50.873272,3.931007,0
54.786617,40.800661,0
38.031759,128.182916,1
42.309752,-76.578662,2
51.349194,10.285709,0
43.343616,-84.239637,2
28.996874,-112.099353,2
3.596243,9.69873,3
46.872349,1.674347,0
50.471778,17.335124,0
49.14758,16.807362,0
45.466448,9.169484,0
48.865123,2.338026,0
-6.049546,31.249434,3
53.970819,-0.471881,0
59.912771,10.746477,0
-15.630256,38.007957,3
50.554403,4.50156,0
10.883822,79.165145,1
21.596804,8.343618,1
-21.641275,-60.971773,3
-4.087118,34.947253,3
15.31406,42.767652,1
59.721824,-87.266704,2
-20.173748,-58.857801,3
50.690274,-1.332092,0
44.745488,5.29435,0
44.529519,33.630643,0
-32.591526,-62.889656,3
47.764207,0.961606,0
48.953136,7.549333,0
38.360198,15.948161,0
51.83557,14.985287,0
51.879339,-4.211307,0
60.952057,-16.087445,0
48.790035,8.008937,0
21.3829,-77.92136,2
4.318472,-58.914746,3
39.983444,120.336201,1
48.641445,10.582451,0
56.595699,-3.361867,0
51.511887,-0.115116,0
39.334614,-9.183376,0
51.388977,0.50332,0
32.118111,34.639949,1
47.077193,5.281751,0
43.065523,-79.051857,2
46.548016,2.932343,0
36.937965,21.682844,0
39.910933,-91.888444,2
1.939953,115.196254,1
48.13878,11.583519,0
34.64489,-100.74194,2
53.316937,20.387879,0
31.908639,-114.662217,2
-16.216771,27.322828,3
49.080283,1.498196,0
41.889208,12.468247,0
50.991091,-1.29454,0
55.857485,-4.256131,0
44.012465,-72.033742,2
23.347963,-102.638165,2
41.88516,12.486447,0
48.144512,17.994195,0
51.59504,-0.721577,0
42.748936,-75.888446,2
31.022039,-91.531342,2
56.223571,-2.715113,0
16.735205,98.623683,1
31.08027,-8.183807,0
17.700812,74.161641,1
55.96441,10.332846,0
50.432281,3.88836,0
31.832999,34.477481,1
50.347815,18.922651,0
39.027629,-9.169346,0
0.613416,14.963506,3
53.710094,-1.418782,0
41.29122,-72.90913,2
15.769146,-65.437978,2
59.774959,16.028267,0
41.222417,-86.407278,2
27.698686,32.492164,1
11.552487,90.714793,1
51.236957,4.411238,0
-5.061118,32.719207,3
51.401593,-0.461803,0
26.111828,81.603631,1
48.850758,2.358839,0
21.481145,-157.962426,2
55.957403,-3.191021,0
18.30418,84.03595,1
43.768231,11.262752,0
52.372986,14.775737,0
53.145501,-0.990083,0
36.456499,-79.673034,2
47.023658,1.783154,0
40.167358,-89.766644,2
51.529371,-0.15209,0
50.11164,8.676492,0
51.528357,-0.134913,0
5.576936,95.273442,1
31.769267,35.233766,1
32.542078,35.155245,1
38.049363,15.05393,0
37.26183,-76.648521,2
50.869597,0.33867,0
51.514081,-0.759547,0
19.879358,-100.331416,2
35.465236,-78.90654,2
16.772633,-3.00682,3
29.70427,102.321538,1
42.938738,-70.830374,2
52.373169,5.22499,0
38.315783,-77.629605,2
40.251115,-74.745371,2
-33.842872,151.241837,4
42.658508,18.089936,0
53.152663,-0.967969,0
2.908323,-59.921229,3
53.961811,-1.219557,0
45.572604,2.49189,0
42.854019,-103.811365,2
51.059493,13.727291,0
34.594043,36.574172,1
41.119443,1.248351,0
54.467035,-4.369029,0
37.773522,-102.193695,2
56.96169,-4.927745,0
51.010034,0.187035,0
30.887927,31.883371,1
4.273097,18.987742,3
48.856924,2.283069,0
54.313067,13.094318,0
-1.514806,5.055435,3
19.846892,-89.214536,2
47.204131,9.531879,0
50.721127,-3.532932,0
49.630983,9.390652,0
10.696739,-13.758183,3
35.689258,139.765272,1
49.033056,8.064002,0
55.952152,-3.187022,0
-34.821369,150.661873,4
29.999424,31.27346,1
25.003687,80.479038,1
52.314019,-8.129863,0
50.923103,3.580104,0
54.481973,-2.355259,0
14.286844,-8.604443,3
45.955651,-94.694359,2
37.205728,-77.385227,2
38.637487,24.607512,0
42.157651,14.002632,0
37.769621,-2.268803,0
43.126395,5.924027,0
46.848814,18.056294,0
-9.668232,18.084444,3
-27.938791,-57.693269,3
36.847818,10.141035,0
41.335177,-72.727218,2
51.043355,13.748931,0
51.896933,-2.078877,0
51.541155,-0.253677,0
42.480989,-70.64827,2
35.771318,-5.832016,0
52.548965,15.146028,0
13.063728,-9.524519,3
54.071466,-7.018654,0
37.033266,4.260568,0
23.263683,87.747938,1
51.567606,-99.559628,2
-20.186168,-43.543825,3
38.292045,-96.267883,2
48.369493,25.334269,0
42.583292,-71.343048,2
63.543748,10.81314,0
59.939708,30.310866,0
54.300817,13.050553,0
37.52155,-77.30708,2
37.106646,-96.307809,2
48.462867,1.777791,0
50.552683,4.636833,0
61.506887,6.088859,0
53.96603,-1.243808,0
35.115986,110.755018,1
52.455194,-2.033032,0
21.823167,45.936061,1
37.606952,126.710933,1
53.407162,-7.314269,0
51.51193,-0.091302,0
51.384902,-2.361389,0
53.280395,-3.828759,0
53.420403,-7.996908,0
37.79495,-122.263837,2
39.151643,2.975874,0
54.322143,-4.451946,0
32.324199,35.142153,1
35.562362,24.781706,0
34.236831,-84.839645,2
-33.960989,25.618289,3
51.512964,-0.090873,0
51.890135,0.90503,0
39.749466,-89.802369,2
31.899987,46.52532,1
55.859357,-4.249801,0
32.642205,54.1508,1
54.558615,-3.156584,0
48.219542,16.507827,0
52.790553,-1.925316,0
38.263913,20.553885,0
23.928655,105.355425,1
6.809653,80.499413,1
53.987735,-1.215336,0
52.630136,-7.129737,0
47.483169,-90.553677,2
25.659101,31.767286,1
53.35157,-2.928263,0
39.138592,-77.511315,2
41.783659,-87.585016,2
55.530927,35.822401,0
53.191765,-2.890543,0
-5.654394,13.278481,3
1.267176,17.801486,3
45.158169,10.789933,0
48.863427,2.337033,0
56.06903,-3.459807,0
30.217942,-85.900553,2
51.507735,-0.125566,0
38.877173,-6.971275,0
-33.543106,149.119247,4
14.721724,78.683012,1
44.782555,-93.023631,2
18.601794,37.68824,1
51.338171,12.373521,0
17.771454,74.422698,1
47.874474,3.584257,0
55.948403,-3.185209,0
51.946253,-2.740307,0
52.36264,-0.225173,0
24.403217,-101.113383,2
50.512184,4.36265,0
19.002719,-96.993527,2
43.845615,-101.664355,2
66.489014,-94.453895,2
59.074548,15.006773,0
52.239947,-0.891566,0
41.975338,13.419888,0
40.219659,-74.768982,2
51.712614,-2.93659,0
29.461307,-81.737416,2
15.993177,43.506417,1
40.066682,14.664391,0
48.238719,16.46367,0
39.935583,-82.01903,2
42.441409,2.3323,0
45.895368,6.94604,0
46.740766,8.269847,0
42.743763,-77.784747,2
41.668109,12.537734,0
55.688198,12.565894,0
55.75305,11.349931,0
54.300406,18.924511,0
50.096172,14.243512,0
53.550212,-0.901494,0
53.40292,-2.980859,0
40.262748,-82.641548,2
62.114127,17.097093,0
5.545981,-54.820872,3
4.727772,19.465012,3
53.234352,-2.868811,0
37.378799,-80.438685,2
10.504541,-66.904879,2
43.108911,104.172204,1
36.78631,3.063894,0
11.035489,-84.697769,2
45.506339,-73.554918,2
37.064486,133.124962,1
51.505077,-0.086695,0
32.394033,-90.691064,2
36.878944,35.061563,0
40.433262,-83.282541,2
45.81122,4.356752,0
46.743599,9.378653,0
43.650806,-79.372367,2
15.550025,39.642043,1
63.542554,10.813358,0
39.799101,-3.244817,0
1.38325,110.258254,1
39.143927,-84.604928,2
50.535935,5.18186,0
39.289307,-76.612031,2
52.376477,-0.49353,0
12.741534,-86.303144,2
51.857121,19.72459,0
39.548555,-3.095043,0
42.817914,-76.154209,2
56.602388,-3.923804,0
44.936566,-68.704464,2
-23.181143,133.600011,4
31.194382,30.064998,1
-5.204537,0.242768,3
20.907076,78.167326,1
52.637956,-2.138313,0
49.957739,5.682948,0
55.788322,29.433428,0
41.121358,29.039454,0
51.227742,0.639624,0
46.842415,-71.202446,2
34.958715,-91.116225,2
41.608089,-72.796058,2
54.657392,-2.991964,0
-26.334598,133.686782,4
50.331033,-4.643814,0
38.30762,-3.87187,0
47.854567,6.720409,0
-26.604952,133.846521,4
51.337738,3.79889,0
52.285835,-4.194693,0
-20.491868,-61.121007,3
41.261195,12.743756,0
55.682776,12.577399,0
3.731148,35.345184,3
35.976806,-107.67343,2
-9.687103,14.42775,3
41.884587,28.017967,0
25.717145,32.633975,1
44.379576,5.595137,0
61.335485,-30.315019,0
48.930245,7.754457,0
2.773792,31.823835,3
40.703027,-74.071897,2
29.304323,-107.714267,2
47.217376,-95.181245,2
40.719656,-73.990879,2
33.59551,-80.7143,2
39.335942,-82.029242,2
19.254139,-96.521432,2
10.407421,-1.783431,3
19.878119,16.57843,1
17.271604,-62.734153,2
51.297975,-0.628371,0
38.209937,24.630378,0
44.179405,8.180943,0
62.183049,18.177774,0
6.32331,33.18959,3
53.383239,-1.476401,0
50.979067,0.827461,0
32.242523,35.252646,1
51.770233,8.284452,0
51.527598,10.800282,0
38.572424,-85.32285,2
6.979548,81.212275,1
41.846607,-105.926068,2
43.102049,-73.580084,2
55.052056,37.160012,0
56.667656,-4.635919,0
51.879678,-8.403197,0
55.955972,-3.188343,0
51.201957,4.390753,0
44.597994,33.531978,0
51.49914,-0.174687,0
38.85155,-78.371556,2
46.787822,8.280744,0
48.863362,2.337118,0
51.530519,-0.110644,0
59.943297,30.313245,0
34.056705,-118.239267,2
51.1832,14.590842,0
51.52924,-0.159178,0
55.974416,-3.169837,0
0.550091,36.15792,3
43.886736,-103.43541,2
45.423253,-73.985932,2
2.452691,19.847384,3
37.811731,137.477814,1
56.562988,9.525454,0
51.235725,-0.369513,0
42.769782,-76.484253,2
52.338455,-0.725767,0
51.279405,1.081692,0
34.280772,-77.530196,2
47.787718,12.17856,0
-2.062477,40.9694,3
50.438466,34.090288,0
51.556101,-1.442955,0
39.070242,97.32893,1
64.951731,-18.884569,0
55.949451,-3.190946,0
1.50453,14.814076,3
43.911256,-71.488484,2
51.533334,12.698964,0
56.940664,-135.301887,2
39.575447,-78.921735,2
55.85791,-4.24574,0
47.207901,1.941236,0
13.471337,39.425318,1
53.320616,0.192776,0
18.637772,78.930014,1
46.519755,10.495744,0
20.76715,-0.511016,3
44.553254,-77.091164,2
9.908189,44.445354,1
48.578652,7.769253,0
21.873551,-159.171728,2
54.706795,-1.800203,0
51.526599,-0.109345,0
17.790613,18.586857,1
59.235405,8.361033,0
31.101277,114.904224,1
53.193719,-1.649863,0
57.121703,-4.401516,0
44.07272,7.545304,0
51.391726,0.527987,0
51.513708,-0.098557,0
-15.038051,40.733813,3
18.997255,-73.043447,2
40.109,-74.837176,2
50.712601,-1.923542,0
-5.939467,12.886337,3
17.003631,60.559618,1
53.193819,-1.650093,0
17.483393,-92.046439,2
52.326531,1.677353,0
79.713417,11.120964,0
29.608633,33.446415,1
51.597148,-1.027124,0
31.854423,-8.180427,0
51.457022,-2.635014,0
47.624627,6.090088,0
44.451728,-75.294704,2
45.543542,11.000284,0
18.917139,72.897019,1
1.202043,14.594591,3
34.081913,-44.621085,2
40.262379,-74.3192,2
51.165101,0.337519,0
56.641856,-4.715171,0
57.143958,-2.100574,0
42.612095,-73.957677,2
50.11229,8.68066,0
32.643933,-82.130125,2
38.535898,22.131074,0
52.514171,13.40826,0
37.648188,126.669045,1
50.35632,3.850426,0
7.667858,6.732568,3
51.338719,12.375626,0
54.709345,20.532384,0
48.043022,14.416658,0
57.825162,-4.674375,0
52.24305,-3.356716,0
-20.31561,25.525753,3
38.901985,-79.997966,2
54.894833,-2.936956,0
49.879259,4.734024,0
41.782275,15.914692,0
32.342,35.132267,1
36.844657,-96.325122,2
35.597931,24.707067,0
50.822476,-0.141048,0
23.397813,-101.12756,2
52.394431,-1.006552,0
37.411152,22.442749,0
44.589307,-63.553949,2
52.709885,-2.750967,0
49.649214,10.698302,0
19.841042,73.048104,1
11.516364,-85.068128,2
52.802971,-2.008866,0
56.022129,-4.812959,0
51.818986,-0.827479,0
41.578645,-72.09286,2
39.727972,-75.587332,2
37.871745,136.364269,1
72.744532,-7.222935,0
52.068402,18.630166,0
48.805507,7.811736,0
49.871917,8.65027,0
51.510159,-0.08639,0
48.586367,7.759872,0
40.387784,-4.84303,0
54.360446,-2.250766,0
45.159609,-74.855376,2
51.231349,-0.348767,0
41.906395,-72.772521,2
-21.546445,-61.522836,3
37.13472,-97.478651,2
37.459828,-93.959254,2
29.998033,-81.388192,2
38.285342,-81.413351,2
-35.039028,-56.445556,3
32.612683,-86.74947,2
35.9149,-86.87511,2
55.952373,-2.985862,0
53.113621,8.145273,0
51.29847,-0.388458,0
32.73583,-79.885003,2
44.800856,6.402632,0
50.369878,-4.952548,0
31.77598,35.233542,1
40.343853,-132.698067,2
50.234684,12.315365,0
50.710623,4.485294,0
54.567639,-3.08395,0
51.503523,-0.135448,0
50.640556,3.074901,0
55.95807,-3.19423,0
42.573646,-73.737006,2
44.940671,7.504451,0
52.285265,-1.514678,0
43.070064,-1.332733,0
46.626051,1.452905,0
52.206088,0.117959,0
43.533419,75.35196,1
13.905437,-60.98018,2
-38.182626,144.730917,4
51.514005,-0.136061,0
41.882859,-87.63325,2
-40.857164,172.701706,4
1.414105,-1.590107,3
19.892431,102.137101,1
42.521871,3.114986,0
50.355618,-4.154747,0
33.629371,39.730633,1
13.050456,77.799334,1
46.660368,1.599726,0
51.503443,4.876316,0
37.829497,-102.818913,2
59.943405,30.314055,0
23.849891,35.710493,1
50.608761,-4.351716,0
11.456486,-12.318802,3
48.464001,9.738337,0
39.823035,-75.406219,2
41.324673,-86.263467,2
43.23843,-79.676949,2
12.281229,73.82411,1
57.333264,-6.215438,0
60.022303,29.955252,0
46.92805,21.221196,0
34.990649,43.832958,1
55.978379,-3.226337,0
26.053358,46.212828,1
51.51702,-0.092224,0
45.906749,8.9697,0
45.351938,36.468016,0
52.759993,-1.476398,0
61.432681,8.986411,0
51.569521,-0.125268,0
43.066232,23.202274,0
25.33845,-101.04856,2
34.8689,7.930896,0
51.512603,-0.10822,0
12.062545,14.916107,3
42.098493,49.940033,1
50.753375,-2.225853,0
37.405104,-110.36336,2
51.556786,-1.509822,0
60.071908,31.699886,0
40.545767,-74.685418,2
42.33594,-94.140576,2
-22.712215,33.997223,3
50.167836,10.763845,0
52.912818,-2.080929,0
43.56395,-73.697902,2
45.462888,59.991205,1
51.513696,-0.118368,0
38.203784,23.294868,0
42.24089,1.495714,0
52.041179,-129.663037,2
39.098665,-9.007333,0
52.368744,-2.304238,0
51.721071,-2.904328,0
33.854683,-81.072839,2
-27.593658,18.973628,3
51.742126,-1.094648,0
-22.237245,-58.643135,3
49.253802,4.033872,0
51.716233,0.725685,0
37.718244,25.735835,0
52.395995,-3.967868,0
15.059049,-14.348576,3
9.484529,24.804316,3
45.384124,11.822288,0
-32.798171,27.356163,3
51.817395,-1.512412,0
37.427512,49.03565,1
34.440452,43.309303,1
27.821169,32.038236,1
42.094202,-71.749403,2
51.256915,7.148954,0
47.022621,22.718956,0
39.342099,16.680027,0
40.973955,-5.561466,0
39.987793,-83.449923,2
23.597237,84.33104,1
50.360011,-4.140983,0
46.354386,2.380409,0
47.086791,6.71129,0
-0.012933,19.472408,3
53.835722,-4.773199,0
44.981242,-61.665187,2
3.806253,-66.596815,3
31.778456,35.230007,1
38.725437,-77.631258,2
55.952987,-3.195112,0
53.299581,-9.601912,0
-25.259749,-68.410667,3
-1.496898,-79.216877,3
47.18974,-95.215595,2
54.430812,-2.628766,0
49.000446,6.27402,0
-24.096261,-57.056847,3
51.850309,12.553046,0
40.717729,-73.993996,2
49.206811,2.586099,0
53.477541,-2.24349,0
-34.610442,-58.379719,3
52.684467,23.840315,0
41.83133,-87.638589,2
53.742441,-0.332565,0
50.411467,1.91017,0
51.393947,0.532818,0
50.444092,-4.88439,0
26.456994,80.376361,1
51.504217,-0.089615,0
-29.062768,30.385071,3
53.143777,18.590135,0
53.795002,9.424598,0
50.962326,-3.954565,0
-5.256838,13.53207,3
27.289063,-5.260317,0
-33.862689,150.307302,4
-24.761937,24.893716,3
51.482681,-0.218314,0
40.250343,26.608571,0
-17.127204,-150.035476,3
49.734871,23.676276,0
57.149402,-2.088426,0
20.894213,78.023738,1
53.656229,-8.104738,0
51.333104,12.387317,0
55.544947,-3.633639,0
50.418107,15.118685,0
40.708839,-74.010277,2
44.584439,33.525262,0
60.329034,-1.108231,0
-9.254415,14.193721,3
37.07512,-94.114645,2
-32.146971,152.021594,4
53.827015,-2.600773,0
-15.956389,45.373261,3
51.87556,-3.285609,0
52.398721,0.262916,0
35.998056,31.968144,0
41.445429,12.625999,0
46.460105,6.845682,0
50.788258,-2.444816,0
50.698213,-1.31241,0
51.255247,1.494169,0
63.796049,-117.592846,2
37.714512,-89.762876,2
42.638326,-82.404495,2
52.772385,15.050287,0
15.105041,-66.968199,2
43.648252,-79.379456,2
54.664128,-2.981377,0
40.017623,1.52796,0
-24.729876,133.382741,4
51.226146,6.782575,0
30.912364,32.038098,1
32.507842,35.192568,1
39.423286,-2.786246,0
54.235971,-3.095154,0
50.908066,-0.06777,0
52.204375,0.113568,0
53.353572,-8.157257,0
57.161671,-4.018695,0
46.749326,20.279539,0
17.614279,74.779812,1
54.792943,32.082949,0
37.101471,133.176642,1
52.209005,0.119592,0
41.89387,12.49036,0
51.967988,-2.190021,0
4.572228,-0.49021,3
24.427134,-5.652125,0
52.476773,-121.892942,2
10.031326,9.445831,3
3.897416,17.024955,3
38.508303,136.889473,1
23.035365,9.542128,1
54.98892,-1.510183,0
53.309219,-7.897702,0
38.794199,34.646173,0
39.356591,-3.145646,0
40.156344,-7.865264,0
51.512407,-0.130077,0
37.113503,-96.771341,2
31.744638,37.421685,1
-3.006239,-79.932818,3
43.69617,-105.740893,2
59.746139,37.288711,0
38.471451,22.7293,0
42.702625,-70.799222,2
-32.215529,-59.198482,3
47.322901,-94.674934,2
53.343544,-6.2689,0
40.711109,-74.000937,2
0.151291,-25.010685,3
32.773395,-79.931862,2
38.45714,-79.487512,2
78.136877,-72.9104,2
-32.81182,116.875898,4
7.94395,93.312846,1
-21.579282,-58.287347,3
-5.07006,32.80593,3
48.858546,2.348246,0
42.343774,-71.061264,2
41.51666,-72.737278,2
-37.43352,175.162767,4
21.209523,61.05845,1
39.259147,-76.68302,2
7.256424,28.07907,3
-33.815859,151.002638,4
41.89125,12.487529,0
55.950497,-3.253493,0
41.889097,12.48142,0
3.285499,-64.412963,3
40.821527,23.123092,0
43.733402,-69.834467,2
34.215271,40.395674,1
37.296083,14.026887,0
51.503093,-0.054282,0
22.138691,-79.810116,2
51.524366,-0.086926,0
53.123242,8.153419,0
-51.055264,-68.507013,3
12.625964,-69.985358,2
41.676964,-85.858487,2
37.701608,-102.483309,2
57.897945,-102.563906,2
20.439388,-88.830967,2
43.837635,-73.411418,2
51.546704,-0.274786,0
52.76961,-2.050604,0
34.849779,126.387954,1
24.829495,0.576292,0
-23.283328,-66.646897,3
55.597288,22.539053,0
46.202291,6.146889,0
11.20595,96.831839,1
50.879257,4.700592,0
53.049988,-4.223466,0
50.970317,18.646571,0
26.026054,-97.460958,2
51.500093,3.58761,0
43.154413,-79.064928,2
39.950852,-3.628897,0
5.982757,19.236025,3
40.712923,-73.997571,2
46.654151,-1.831033,0
54.209415,-3.127499,0
42.734555,-72.454589,2
50.785649,4.573001,0
-49.80412,-71.399386,3
53.345762,-6.262192,0
41.979249,12.55494,0
56.889339,-4.719755,0
-6.019021,26.60782,3
36.930063,21.683032,0
51.452529,-2.594582,0
44.839696,33.639872,0
36.361889,25.693432,0
34.038221,35.978493,1
11.432532,14.437681,3
53.15545,-0.315549,0
41.748654,-87.682647,2
22.504419,-71.785629,2
75.915662,-106.314812,2
6.155292,9.938437,3
35.410631,-76.117565,2
35.914073,14.418577,0
23.803878,-93.96424,2
41.317346,-8.171034,0
41.981097,30.886377,0
11.645709,76.660148,1
-31.510972,150.109925,4
48.855849,2.246532,0
37.815687,-96.764478,2
36.484866,-81.551617,2
-34.029423,18.649923,3
67.900827,23.578575,0
40.333198,-80.924792,2
40.058295,-4.454795,0
-28.377318,30.634536,3
41.846409,12.658854,0
67.287858,21.151724,0
40.398218,-79.859792,2
32.804458,43.895716,1
51.991553,-0.600023,0
49.724697,6.243268,0
53.632427,-5.472081,0
34.708472,18.255157,0
35.287951,24.903331,0
47.542294,-111.183289,2
48.776725,9.170427,0
15.981594,36.391965,1
-5.497892,15.348154,3
51.045525,11.653075,0
48.22156,14.457683,0
15.456591,32.114082,1
40.462365,-79.934343,2
50.681893,4.419304,0
32.449788,13.345794,0
-0.612125,10.987125,3
50.76364,-1.292206,0
34.100183,-86.568225,2
53.303265,-8.099487,0
47.800658,0.957929,0
54.334526,9.911075,0
39.537038,-6.984003,0
51.652927,-3.317044,0
41.888187,12.486678,0
48.871738,2.895205,0
51.339787,12.374666,0
35.87173,-75.669877,2
38.040729,137.286669,1
50.682147,-1.336639,0
57.175326,-4.355079,0
42.827586,-2.738192,0
41.652303,-0.884476,0
55.392208,-5.685168,0
37.569347,-77.285372,2
54.919668,-7.884161,0
47.072002,1.65188,0
64.903613,-22.143856,0
46.353931,7.337317,0
54.569418,-4.438552,0
-41.302731,146.721405,4
37.112411,-86.853584,2
53.576636,-0.809975,0
46.82762,9.645372,0
51.49808,-0.158274,0
50.846678,4.350782,0
0.577777,17.453081,3
49.085836,16.681282,0
47.333198,-94.514811,2
51.162667,0.35049,0
55.415531,-1.706285,0
-32.302608,135.000522,4
27.799901,101.529509,1
52.395088,24.574523,0
49.841696,3.291284,0
51.493115,-0.175404,0
20.039651,-76.320268,2
35.160403,34.796191,1
50.331374,15.520548,0
42.605592,-71.571068,2
34.017753,-118.304746,2
39.286259,14.81681,0
43.073525,-3.528234,0
35.861151,-85.90045,2
37.505973,29.196188,0
45.338527,-87.791198,2
36.922029,-83.70761,2
45.453714,8.771466,0
39.514271,-88.312011,2
40.442738,-89.067704,2
52.090691,5.12316,0
14.222366,-10.708811,3
11.531313,24.753305,3
54.547516,12.237336,0
54.397999,20.645046,0
-13.672426,33.722782,3
56.935349,-2.594142,0
46.419426,-120.326159,2
55.738885,12.249524,0
63.777854,15.528142,0
40.480095,141.300892,1
30.157166,25.763231,1
40.165211,26.394116,0
47.021784,8.548789,0
5.870698,-1.195448,3
48.211708,16.369864,0
22.406511,-79.427776,2
33.433603,-110.760911,2
34.858144,35.882159,1
40.599736,-6.534767,0
45.896679,-60.001956,2
51.847279,-1.370739,0
55.89784,13.554589,0
44.596043,33.570862,0
54.267123,-1.737818,0
51.507971,-0.127817,0
39.996222,-3.016921,0
52.773279,-7.23429,0
53.346375,-6.268194,0
15.581885,99.973642,1
43.966383,-80.851211,2
10.881687,13.053022,3
36.763877,-92.431772,2
37.023563,-99.478429,2
53.590036,-6.712789,0
35.995882,-76.350707,2
51.795776,11.38003,0
56.639788,-4.727498,0
53.484507,-2.244016,0
41.222703,-86.21029,2
50.883742,17.055797,0
53.316326,-3.824709,0
47.629676,8.422997,0
53.332836,-3.839995,0
26.337037,38.165139,1
51.422999,-0.335634,0
42.350987,-71.066848,2
39.309324,-9.189338,0
37.877975,137.537326,1
-16.562315,24.721112,3
1.657729,114.420408,1
25.718111,32.658548,1
42.396455,15.460194,0
40.400954,-7.382362,0
23.691357,-102.557102,2
-13.10545,37.670568,3
47.567369,17.674666,0
53.186204,18.759414,0
19.701559,17.719523,1
47.018937,1.755006,0
34.148536,-83.487875,2
47.707289,-119.248064,2
37.985054,23.640475,0
51.512297,-0.097878,0
39.297249,-79.011027,2
20.737036,-10.562631,3
55.87834,-3.508224,0
1.407327,19.3145,3
-22.044725,-58.023427,3
22.153134,113.544936,1
33.405183,92.719511,1
51.523295,-0.106222,0
59.290333,-5.62138,0
50.075019,14.315934,0
51.336903,1.251546,0
51.215207,0.766228,0
-36.626221,145.557539,4
41.612403,-107.262965,2
5.649032,17.178527,3
-30.238099,23.999545,3
30.082775,31.195467,1
37.34239,-112.557641,2
25.33133,11.237109,1
37.676409,35.211868,0
17.923022,7.333426,3
50.687391,-1.312622,0
62.301339,18.952303,0
42.798139,-75.821545,2
53.280387,-3.828836,0
51.854399,-2.63694,0
56.082025,-3.942382,0
36.86496,-94.760362,2
44.436299,13.462725,0
48.77517,-56.065326,2
43.694545,4.884215,0
51.505985,-0.099987,0
54.198778,12.14591,0
10.43198,45.0017,1
54.675042,-7.242444,0
26.022521,75.779718,1
41.720893,-71.289738,2
53.485256,-2.243665,0
37.660093,22.456461,0
53.540056,-7.958144,0
47.276926,-121.2688,2
45.366589,11.25833,0
11.577041,90.739845,1
33.400063,-81.127335,2
50.324923,-4.868381,0
21.036127,74.741115,1
30.188033,32.386084,1
38.538561,-6.62253,0
34.999951,135.756901,1
-37.322358,-71.972851,3
41.6165,0.621852,0
50.793881,5.047621,0
50.568734,-3.664887,0
51.507829,-0.167095,0
50.417424,-4.666998,0
52.83337,-4.194407,0
51.209043,3.226958,0
46.624593,-63.611227,2
43.615852,21.103392,0
50.111615,8.682068,0
-29.35057,24.160384,3
46.406123,-94.249314,2
37.236952,81.099766,1
47.272179,5.56238,0
46.424,22.585948,0
51.512299,-0.090073,0
23.037314,-81.202448,2
53.090614,-2.187278,0
10.370515,33.948937,3
29.654978,-90.469172,2
53.844631,-2.188197,0
51.95425,-4.183143,0
31.775098,35.233603,1
39.976396,-82.98414,2
34.149694,89.395922,1
57.012826,-4.697436,0
59.028796,-2.971849,0
52.376484,4.626989,0
51.220489,4.4061,0
37.334154,-95.254249,2
20.651327,82.017299,1
-21.515348,-59.366109,3
53.104797,16.887671,0
52.023037,-9.516271,0
58.191674,-4.642378,0
41.890145,16.450283,0
-40.731865,172.875651,4
37.524638,-78.20992,2
38.980048,117.707419,1
35.831208,14.528918,0
45.153899,10.793914,0
51.621328,-2.238519,0
53.243072,15.818547,0
48.187394,8.83899,0
-34.094524,149.494426,4
48.859169,2.352808,0
38.084718,-88.352425,2
54.050729,-6.398753,0
38.247837,-122.064379,2
54.908909,-6.973843,0
47.469241,1.459936,0
9.51516,138.119782,1
48.857115,2.345409,0
2.361967,-97.604277,2
56.699922,-4.247137,0
51.517851,-0.081467,0
33.738091,-84.442224,2
52.447708,-4.052796,0
48.493576,7.370568,0
-4.763843,38.184129,3
53.050893,-3.391292,0
51.380644,-2.359515,0
32.327101,35.413677,1
50.926268,5.767151,0
38.599563,-87.629215,2
39.319478,-9.04806,0
49.577512,10.789755,0
38.917688,-76.967008,2
34.502617,69.170332,1
63.044757,16.008751,0
44.82161,10.710862,0
51.054081,13.730416,0
51.744064,-2.963261,0
27.654491,21.139337,1
50.546803,-1.830597,0
22.931067,-100.698009,2
39.781043,-77.23058,2
54.141477,-34.755743,0
57.450558,-4.507753,0
43.719768,32.802637,0
53.139678,-0.967457,0
-33.825417,150.977551,4
55.749202,-4.072536,0
37.33514,-119.119176,2
55.944612,-3.191618,0
36.356422,136.138328,1
42.344857,-3.709053,0
15.084819,5.223443,3
43.702261,22.40694,0
44.660294,16.426834,0
39.543609,-75.412987,2
33.69587,-83.983233,2
37.758778,126.196253,1
-32.936078,149.49211,4
-21.840002,-57.750672,3
39.589445,-87.748486,2
40.71356,-73.996655,2
45.613282,14.884842,0
38.277625,-77.449256,2
52.431142,-3.638684,0
-15.792499,28.307929,3
42.522059,-70.892493,2
52.131177,-1.743389,0
-31.575292,147.579463,4
55.784264,-4.519431,0
48.073522,0.379653,0
45.430276,-73.672307,2
-38.136447,144.745091,4
43.062537,-2.042533,0
44.406031,-73.340498,2
-21.428463,-58.347496,3
50.727033,-3.779364,0
52.236397,21.007791,0
44.020311,7.095909,0
53.384827,-8.0828,0
-21.11443,-59.532261,3
50.449631,5.699512,0
49.804495,27.978441,0
55.750741,37.639177,0
17.484102,-92.046149,2
55.292012,-2.049066,0
-10.690449,-76.262474,3
52.933784,-4.44456,0
34.356647,34.875963,1
52.976272,-2.217748,0
1.304861,103.848657,1
51.268712,-1.051916,0
13.905952,-4.555171,3
49.596687,14.389293,0
34.386327,32.078325,1
45.01912,-67.043269,2
27.955158,-15.55057,0
44.888714,22.64321,0
35.939595,14.370369,0
37.204783,32.326141,0
75.817632,-77.552636,2
48.575915,7.746712,0
52.886488,-1.558053,0
0.592181,17.592739,3
48.855549,2.246503,0
34.974158,81.339929,1
1.183853,15.67422,3
49.441386,1.09733,0
38.967416,94.352761,1
47.455397,13.449076,0
49.055199,9.535636,0
53.550093,-2.571308,0
34.927484,-97.133471,2
48.865291,2.33815,0
51.503744,-0.060649,0
32.516277,-90.578363,2
48.856454,2.910463,0
4.559282,26.763065,3
53.238639,-2.526477,0
46.808711,7.14133,0
31.77807,35.23576,1
55.25022,10.102668,0
47.264232,8.959215,0
7.660169,12.647998,3
53.796315,-1.540694,0
25.511965,43.562633,1
52.37614,4.885611,0
34.515938,-84.930441,2
42.055288,-71.744481,2
3.454171,28.277492,3
34.054348,75.29619,1
65.058108,35.687891,0
5.97498,-2.673546,3
-28.20657,23.989695,3
48.858176,2.334397,0
51.060286,0.09429,0
27.237134,-82.302664,2
42.779047,18.953182,0
33.648336,39.731342,1
28.308057,-44.66308,2
31.781698,35.222444,1
-28.751082,24.779405,3
50.456248,3.953448,0
56.785461,9.879484,0
39.89635,44.422478,1
52.651306,-0.477962,0
59.93343,30.107733,0
-29.230498,30.035594,3
44.812177,33.743368,0
51.164036,-3.592396,0
45.626093,5.910517,0
43.561052,-0.542025,0
44.685896,-73.417201,2
49.959383,15.714116,0
53.243704,-2.485642,0
40.702739,-74.014855,2
-30.413684,29.597878,3
54.501105,-7.884651,0
41.252583,-73.760692,2
41.890409,12.484923,0
48.138441,11.572821,0
-21.487626,-58.276724,3
32.961477,6.326597,0
-20.622943,14.622213,3
33.566814,35.372549,1
54.586634,-4.479389,0
35.277403,-2.593412,0
49.445592,1.089871,0
36.964239,-88.217828,2
41.039732,49.130791,1
55.981555,9.558121,0
-24.570205,-56.688024,3
55.668114,-125.071726,2
48.749588,4.222584,0
32.324497,6.991901,0
51.63144,-0.714386,0
51.112312,-2.917875,0
-38.129753,176.316539,4
34.207615,59.580963,1
38.177226,136.073895,1
50.72103,-3.532636,0
54.109593,-1.581694,0
-21.421411,-58.338667,3
7.401733,93.697493,1
-27.084656,21.174518,3
38.049656,-76.951976,2
64.145332,-21.939607,0
41.218226,-86.297521,2
24.527995,-99.268032,2
50.926805,4.145786,0
48.681134,22.432503,0
28.872074,36.290205,1
50.567595,4.457333,0
60.445605,86.061178,0
40.711735,-74.004976,2
52.468539,17.82151,0
55.495675,-2.85806,0
49.106362,7.090635,0
51.516891,-0.177565,0
-0.588762,25.685614,3
56.895504,24.213409,0
51.738402,19.860359,0
49.743377,13.487742,0
53.550002,9.995117,0
48.59008,7.748461,0
54.518105,29.287508,0
50.979925,24.04583,0
44.612917,33.514791,0
10.928253,-83.700789,2
54.226012,-1.308704,0
31.777119,35.232828,1
48.798297,-55.121894,2
31.771086,35.078834,1
48.863464,2.336969,0
53.248726,-7.872733,0
78.165082,14.604195,0
36.651416,38.117393,1
44.561532,6.483881,0
-13.3431,37.950622,3
41.591481,-83.044819,2
46.866819,1.406804,0
55.963058,-3.289055,0
45.935834,20.082851,0
22.43134,-71.744589,2
19.652802,81.128982,1
59.324799,18.066185,0
46.691616,31.89651,0
37.947109,27.343975,0
11.353174,-15.266604,3
46.725773,1.682124,0
43.082868,-79.072368,2
55.947162,-3.199676,0
48.642269,4.816096,0
6.605852,114.169884,1
55.949628,-3.190522,0
42.365076,-71.079174,2
35.126101,33.466207,1
37.110072,15.250641,0
-16.204348,26.531328,3
55.862549,-4.276045,0
20.076297,81.062794,1
53.183783,-0.262884,0
10.61818,78.773232,1
50.122031,-5.368919,0
-32.19798,149.639025,4
56.501587,29.048975,0
51.365167,-0.427567,0
52.207094,0.117552,0
50.916903,6.279995,0
48.859299,2.339356,0
40.874121,23.042699,0
48.842413,10.473762,0
15.466156,39.788655,1
45.151159,-76.206397,2
48.768074,8.273274,0
18.155531,-77.836428,2
-11.487725,39.984467,3
45.392162,4.813237,0
38.435672,-98.112002,2
32.253645,-7.733666,0
37.35871,-4.044115,0
33.32726,-79.948185,2
29.884272,-89.940232,2
35.888551,-5.32342,0
-34.767153,149.523242,4
-15.961454,-5.712179,3
51.2199,0.692552,0
50.771306,0.209205,0
52.322111,-1.596752,0
52.629455,-2.74058,0
-0.135301,18.736962,3
51.460834,-0.099564,0
43.668035,-70.249039,2
35.094613,129.073045,1
24.694741,84.989824,1
27.526978,32.107162,1
-20.27288,-70.166863,3
51.409433,-0.16402,0
43.317584,-1.982723,0
53.289267,-1.633123,0
20.333068,27.675772,1
39.759122,-77.556584,2
53.034041,19.926284,0
55.533977,-4.626927,0
50.648998,2.887654,0
51.453025,-2.6313,0
55.861644,-4.26431,0
58.333076,15.211912,0
34.207289,-83.476673,2
37.758533,22.456715,0
47.155995,3.637299,0
51.770823,0.671002,0
48.86519,2.337972,0
38.402463,20.677714,0
40.328684,19.967501,0
-1.158193,31.773629,3
54.794658,-4.43154,0
-6.579997,36.579955,3
55.292302,-2.103719,0
0.340505,37.035532,3
54.87868,-4.41839,0
52.965926,-2.156582,0
51.350977,-1.998221,0
24.065607,-105.328905,2
52.223916,-2.693016,0
42.07592,9.088432,0
45.492004,36.126934,0
20.643742,-157.426218,2
38.99082,-105.533634,2
54.747126,-1.996749,0
46.593966,0.798758,0
53.345313,-6.286002,0
40.806978,-82.277806,2
23.695451,44.702329,1
55.564818,87.875917,1
41.452347,-81.672832,2
2.231055,17.091169,3
53.743121,-0.333117,0
14.247288,31.573944,1
51.067661,-1.306556,0
53.765656,-108.594891,2
31.198827,29.900302,1
42.814131,-1.669263,0
49.505322,4.657841,0
51.358522,1.328718,0
16.655553,-54.435373,2
41.464104,-71.303533,2
36.105571,72.42005,1
29.858996,48.389544,1
64.847488,25.051064,0
50.166576,8.749487,0
31.408876,121.029546,1
38.877756,-6.966986,0
29.400306,34.087182,1
48.863419,2.337124,0
30.861825,122.474888,1
28.194568,-87.097462,2
57.675333,-4.28303,0
-9.669612,15.703177,3
39.962239,-75.145532,2
51.529113,-0.15503,0
31.778515,35.230155,1
40.540035,-121.182841,2
-20.227241,57.555317,3
51.668183,-0.074525,0
40.696075,-73.992889,2
55.552718,-3.689694,0
41.892628,12.48269,0
53.120403,8.146069,0
40.336848,-74.668094,2
35.873742,-86.435279,2
53.207064,-1.440672,0
58.413835,-3.440997,0
13.579763,-10.175336,3
36.671759,26.953495,0
34.970705,35.806725,1
2.937757,18.139568,3
52.87294,8.40632,0
54.436382,-3.104277,0
44.527107,55.067266,1
48.856566,2.345908,0
54.883334,-3.519841,0
36.675106,7.256634,0
38.571636,-76.847715,2
43.671676,26.494191,0
15.818083,106.34645,1
55.904602,162.374708,1
51.632355,13.723597,0
48.098758,9.370378,0
42.701226,-76.459256,2
51.602021,0.614411,0
37.075893,15.263769,0
53.250951,-2.483853,0
35.85024,41.010495,1
41.030933,-92.06506,2
51.314052,0.416424,0
50.013779,14.211004,0
42.996383,-73.634541,2
54.441352,-2.63385,0
61.948107,-103.881518,2
18.723872,-90.302875,2
30.869955,95.374039,1
52.476582,-4.005511,0
54.507375,39.644324,0
18.151194,-77.267186,2
55.952964,-3.194309,0
19.707605,81.163441,1
42.622529,46.341859,0
54.272986,-8.474602,0
18.42898,32.16075,1
50.649621,3.181611,0
53.004704,-1.477944,0
53.66631,-0.698553,0
55.947458,-3.187286,0
51.674028,-3.689492,0
35.207793,-79.250456,2
38.88891,-77.049436,2
-21.746924,-57.696901,3
40.722453,-74.00932,2
52.245001,1.113973,0
51.324972,-0.211053,0
52.671949,19.76389,0
-14.190594,-60.692645,3
51.513793,-0.093054,0
54.13504,-1.520312,0
46.979811,83.653594,1
17.052684,129.995595,1
52.398672,0.264217,0
-17.936137,24.978047,3
20.204158,-75.769917,2
43.317554,-1.983521,0
33.590577,-80.935913,2
15.597906,37.71486,1
4.834985,-59.130742,3
44.903812,8.690772,0
37.664712,-85.914834,2
17.119171,-73.285626,2
51.057597,-1.315339,0
38.056794,36.909521,0
53.345268,-6.285978,0
52.578961,-2.084089,0
53.377344,-2.584979,0
44.416028,12.522024,0
-37.426664,175.353523,4
50.727148,-3.643405,0
62.984474,19.169503,0
41.41745,-79.716475,2
47.234597,5.45563,0
41.186891,-5.066116,0
39.212434,-78.110247,2
2.950975,19.495692,3
46.771302,8.247285,0
46.510877,-66.078093,2
47.925181,8.329703,0
-7.595048,21.14503,3
52.481134,-1.897102,0
50.575621,14.818726,0
40.428862,-80.005606,2
61.859435,-6.92005,0
55.956355,-4.814781,0
54.383222,-3.069357,0
49.098694,-1.402274,0
46.689738,1.504727,0
49.085781,-0.332971,0
43.98561,12.437413,0
28.48367,-99.753521,2
2.538773,19.95774,3
53.433727,-7.962122,0
36.934911,10.236709,0
47.610753,9.311021,0
38.017924,-3.876574,0
42.611418,70.141936,1
53.822318,39.545155,0
45.507951,6.357721,0
51.175603,-2.389605,0
22.406581,-79.964156,2
55.679975,12.590404,0
45.253751,-63.053527,2
60.355255,-1.372391,0
48.453417,7.360755,0
41.829427,-79.2064,2
44.592077,33.52564,0
41.222608,12.207365,0
-11.440074,24.581258,3
36.896552,-95.080552,2
29.981831,-90.081029,2
49.719418,17.163512,0
13.441972,-9.788317,3
65.088928,36.126297,0
51.787692,6.128563,0
51.03912,13.744657,0
51.563034,-0.084744,0
45.716258,38.315221,0
42.269157,-116.980682,2
48.83743,11.999226,0
45.612912,0.102661,0
37.068251,15.281976,0
53.192125,-2.890777,0
49.678369,7.248752,0
41.886077,-87.624798,2
40.847449,-73.849249,2
34.139422,57.085849,1
13.377814,-7.613255,3
38.993757,56.613321,1
-34.906361,-56.200948,3
47.310496,5.042889,0
52.285971,-1.531783,0
44.333041,-129.18127,2
59.856336,17.622071,0
54.377732,-0.530779,0
51.573099,-0.341631,0
54.619017,-1.055473,0
41.324857,-73.803694,2
41.925212,-72.614866,2
48.134062,11.5604,0
50.080758,12.370453,0
50.228703,4.030324,0
-27.417768,29.473477,3
40.591677,-74.271932,2
13.349531,-6.70342,3
53.230246,-1.690133,0
40.809575,14.425454,0
40.275595,-2.806007,0
39.339974,-91.918183,2
43.20116,12.169095,0
56.315623,89.598737,1
30.446669,50.883286,1
52.201616,0.118537,0
41.198704,-8.500674,0
55.836763,-4.253556,0
49.794985,37.678679,0
44.597551,33.533292,0
45.554888,9.447059,0
39.816461,-77.235261,2
40.633774,-74.062198,2
51.506353,-0.124723,0
53.188777,17.120536,0
32.558865,-86.69025,2
29.012974,-13.685083,0
48.174596,9.016361,0
-7.767855,158.035716,4
42.964181,-76.077701,2
42.65,-73.750901,2
32.367054,97.764563,1
61.864625,-6.90188,0
-28.389742,133.385597,4
44.613097,-114.661986,2
55.981935,10.430716,0
49.659565,15.112132,0
51.507447,-0.112095,0
18.34923,73.244942,1
11.285764,77.003767,1
2.334952,16.962469,3
42.015576,-95.125881,2
6.952297,81.262989,1
55.974164,-3.18014,0
12.376007,50.112397,1
51.726553,-1.269709,0
53.074043,-3.792579,0
54.676756,-6.813347,0
39.649304,127.286002,1
55.088532,-3.730465,0
52.711444,0.407384,0
37.597789,23.076776,0
36.967202,34.77886,0
39.545779,127.958786,1
49.848841,3.286561,0
49.328334,15.122436,0
58.320949,12.304673,0
50.464643,2.136112,0
13.72218,37.233861,1
51.473867,-0.136496,0
39.01812,87.037983,1
52.590853,-109.334974,2
38.268636,-85.782807,2
40.621086,14.985915,0
12.412882,115.074388,1
55.955529,-3.194152,0
52.605945,1.730367,0
6.286726,-66.054774,3
37.60683,22.330363,0
46.650677,21.242422,0
32.021223,-115.279872,2
31.496847,31.858854,1
52.480965,-1.895891,0
37.067984,33.958913,0
50.298484,22.008146,0
45.760568,4.834062,0
52.201284,5.474634,0
-29.500645,24.169875,3
38.795305,-109.125882,2
41.622188,12.612041,0
42.669465,43.608867,0
-33.842753,151.241371,4
53.122194,8.15019,0
50.425158,-4.89349,0
39.541556,28.999171,0
31.083483,44.366141,1
36.04782,135.651271,1
56.900629,-2.45033,0
45.940666,7.80926,0
37.484624,-77.319965,2
42.896619,-80.959409,2
44.591846,33.583539,0
50.104214,-4.27791,0
51.495459,-0.144016,0
55.361525,35.520736,0
55.281909,-4.272679,0
44.241018,-79.712834,2
27.800829,32.390593,1
41.355335,-79.808284,2
47.585107,32.294276,0
51.076727,0.037595,0
33.68636,-95.992957,2
18.980482,72.844176,1
51.066292,-0.962114,0
45.965996,-66.186311,2
52.144988,-1.436161,0
37.109441,-82.824893,2
51.756497,-0.200552,0
21.196407,72.827128,1
53.411251,-3.00735,0
30.979296,25.405495,1
52.321952,-1.557771,0
51.505244,-0.135112,0
39.974638,-91.076291,2
-20.210253,-70.154785,3
-27.481968,-51.540939,3
51.813039,-0.826758,0
32.457316,35.072595,1
26.402267,-107.104014,2
40.721282,122.352278,1
39.931478,-75.50643,2
48.865174,2.338083,0
44.601991,33.55083,0
35.665266,6.192768,0
47.353055,-0.91203,0
55.447703,-4.639439,0
50.845641,4.352091,0
52.445913,15.575861,0
51.770324,-1.271226,0
5.744079,-1.421077,3
37.794162,-122.402643,2
44.930089,2.602151,0
19.114425,-96.68469,2
13.435343,-10.752269,3
39.696693,-2.409636,0
51.385574,-2.359705,0
39.975645,-4.81894,0
48.259255,6.158682,0
45.319176,11.457901,0
45.507627,-73.554348,2
51.492361,-0.608936,0
-9.183583,-139.72173,2
43.548699,10.306392,0
46.716237,17.73805,0
42.82179,15.922121,0
40.229329,-5.193192,0
51.494767,-0.100256,0
32.070238,-80.839273,2
17.445171,74.927984,1
51.193217,4.395575,0
40.814974,16.103775,0
11.076618,49.19475,1
22.330922,-79.499545,2
47.193166,-95.210714,2
49.521652,3.318465,0
52.881725,-2.082512,0
38.386916,-85.799757,2
13.294912,-8.893581,3
52.387479,4.63894,0
20.815706,32.970438,1
51.389429,0.50304,0
50.638329,5.687811,0
54.543663,-3.328845,0
35.939536,-83.921488,2
42.349617,-70.705299,2
43.560878,0.087108,0
-30.468212,25.010396,3
-0.381623,10.875196,3
40.836727,14.25996,0
53.477537,-2.243345,0
35.840578,137.724131,1
52.014892,-3.441544,0
40.268521,-74.307044,2
52.399531,0.118046,0
19.915213,3.296118,3
37.13594,-77.539,2
40.610793,43.099499,0
-8.51547,30.841092,3
37.728065,23.483889,0
45.425048,-73.937709,2
18.933146,37.212046,1
50.484116,5.00325,0
37.569338,-77.283003,2
-28.785375,21.804337,3
45.748816,13.374012,0
45.428678,34.923383,0
36.178611,3.373178,0
33.88978,1.711792,0
45.04379,9.82578,0
51.572754,-0.148503,0
45.889586,6.912209,0
51.789462,-2.173891,0
35.803851,-86.032132,2
52.902328,-2.120965,0
45.63048,14.014994,0
29.896981,-90.945898,2
30.817344,31.262404,1
5.747486,-0.550308,3
42.352071,-71.058834,2
57.123234,38.945195,0
52.766385,24.524072,0
46.703261,-1.242656,0
-25.975468,132.403285,4
54.444568,20.995199,0
57.675815,-3.699185,0
51.484567,-0.108915,0
48.138047,11.555041,0
47.375179,11.972857,0
49.666715,21.921306,0
54.181708,-4.17564,0
23.978161,15.71584,1
43.475621,-89.587879,2
6.414797,33.067057,3
41.357835,18.505368,0
-2.983591,17.038669,3
37.498637,122.193608,1
50.891809,0.604124,0
43.980098,12.63808,0
46.077759,18.230256,0
57.036654,-5.021169,0
41.018404,28.947485,0
46.526786,0.702277,0
51.307655,12.380151,0
35.380378,-65.805113,2
19.718892,81.415746,1
44.657259,-76.749112,2
33.049184,35.392599,1
41.015986,28.981436,0
-0.275724,11.08272,3
47.395538,5.632656,0
51.192167,-3.099072,0
37.021155,-93.315934,2
51.507162,-0.126921,0
54.365093,18.647379,0
-13.822187,-171.766898,2
33.774126,74.510915,1
14.17007,-7.650578,3
53.277873,-8.453473,0
53.381699,-8.11306,0
39.317545,21.969587,0
8.892128,15.017625,3
51.518602,4.728246,0
50.520444,-4.507617,0
30.575093,33.905193,1
-2.51345,-52.419543,3
43.652717,11.482705,0
34.22498,70.361033,1
25.218414,-80.816553,2
56.793829,12.13962,0
41.957451,-70.89823,2
16.087327,97.547199,1
53.703184,-1.782336,0
51.500378,4.832224,0
52.35257,-0.210218,0
26.625099,33.853787,1
48.862589,2.332262,0
54.892091,-2.930936,0
52.980696,-1.913594,0
-51.051836,-68.974391,3
49.87053,16.498535,0
36.65107,-86.361802,2
24.764361,121.225736,1
44.004593,-72.049778,2
54.168785,-4.300545,0
-2.950956,17.469066,3
20.637347,82.96127,1
10.80326,-13.333745,3
53.280303,-3.828959,0
33.14625,76.53727,1
60.077899,21.067357,0
3.123242,33.743494,3
35.905968,134.407363,1
41.793956,-111.043161,2
36.109769,135.086667,1
40.749771,-73.987626,2
53.746372,-0.339784,0
50.211609,4.876939,0
51.369974,0.529749,0
53.192334,-2.891097,0
42.306647,-76.591735,2
51.324596,-0.31981,0
38.368851,31.345586,0
47.051118,18.4808,0
0.480671,18.741189,3
-51.719268,-59.512024,3
52.840082,30.725667,0
50.779562,-3.793636,0
30.039427,31.239569,1
38.892394,-77.023475,2
0.412495,32.07733,3
51.513065,-0.109438,0
47.643456,32.585556,0
-26.741485,25.144933,3
-31.281144,20.558389,3
43.302705,-78.453935,2
59.933595,30.297884,0
43.659045,23.377908,0
55.746171,37.622854,0
50.678385,4.410836,0
19.422089,-99.122965,2
41.331449,-93.557884,2
8.471402,6.275247,3
51.37209,-0.104279,0
15.343475,39.425174,1
37.836992,22.84333,0
45.003021,9.656519,0
41.610479,-75.162343,2
49.661134,15.111525,0
46.28569,-93.743666,2
52.379116,5.260441,0
47.743067,15.791052,0
55.016271,-7.298027,0
50.645049,19.893756,0
36.537164,61.164956,1
27.078777,-93.271851,2
32.384015,35.224152,1
55.294335,-4.077647,0
48.955962,7.72548,0
46.700313,1.7243,0
18.262062,-66.408724,2
50.200171,85.440066,1
50.115404,2.801887,0
52.982613,-2.09852,0
50.534869,4.082163,0
51.505865,-0.169983,0
31.775606,35.232523,1
41.42016,23.456109,0
51.556605,-0.108806,0
38.63449,-92.044701,2
45.886627,18.630318,0
33.531267,-91.09032,2
39.258842,143.089429,1
47.055191,8.567591,0
0.05094,18.833427,3
42.734369,-2.115072,0
28.073069,32.152793,1
51.510197,-0.131138,0
50.776443,7.094441,0
-33.340636,24.391591,3
45.76087,34.988913,0
39.875448,26.214408,0
36.394076,25.405737,0
52.71411,4.914648,0
-29.51076,29.467582,3
16.397886,92.601384,1
55.959733,-3.189459,0
32.822423,44.693434,1
55.600125,-4.206906,0
35.876037,34.428459,1
37.396022,22.265547,0
40.817673,-115.931516,2
40.855495,124.643686,1
-33.913124,18.431667,3
37.831936,-83.732958,2
48.861053,2.338672,0
22.788694,123.063919,1
51.565754,-9.786887,0
39.334578,-3.230829,0
40.809906,-73.959258,2
52.305063,-1.22135,0
19.103253,99.753392,1
50.496474,4.592942,0
-0.235428,19.371491,3
48.858423,2.345514,0
51.93693,-0.426927,0
50.432956,10.861578,0
31.725071,35.167293,1
50.688349,-4.54789,0
58.419405,-5.074458,0
45.580393,-66.407053,2
51.14488,0.625555,0
40.415619,-3.692546,0
54.964878,9.747212,0
40.604338,-77.653398,2
38.579461,16.321064,0
32.487038,35.647716,1
52.232372,-2.152695,0
53.201125,-3.233747,0
51.33305,-1.903972,0
41.845949,-87.644044,2
51.50629,-0.123108,0
51.357027,10.833158,0
40.651321,-74.033722,2
44.154877,10.767694,0
51.57042,19.937047,0
-18.012149,-73.016315,3
45.074709,14.638931,0
42.028461,-71.697423,2
50.803942,7.002326,0
38.77951,22.722394,0
61.797604,-134.824945,2
48.638902,-86.214675,2
52.398789,0.262664,0
32.245909,35.200974,1
47.857504,-57.991914,2
46.817425,-71.20802,2
51.878581,-3.919269,0
44.558421,33.53283,0
36.800276,10.174968,0
44.092705,-74.165539,2
48.393391,4.74407,0
36.540863,-6.260335,0
57.409148,25.902738,0
30.047448,31.249315,1
38.937501,126.990529,1
52.886509,-3.617097,0
42.34384,140.952029,1
45.644331,10.994156,0
51.567897,-0.123895,0
50.129324,-5.545516,0
51.277649,1.08064,0
53.388763,-120.340683,2
52.97654,-3.126169,0
36.026194,29.436294,0
52.245608,0.718699,0
31.181619,29.879922,1
35.435689,-83.191342,2
51.174942,1.109366,0
55.642609,12.080378,0
-9.796302,15.840869,3
57.21983,-3.302054,0
49.725305,14.55141,0
40.195632,-74.73633,2
53.958798,-1.082223,0
51.954502,-4.154199,0
30.472233,48.182067,1
36.188835,-79.539894,2
51.511413,-0.100773,0
51.572327,-0.005881,0
53.227871,-2.471827,0
46.355676,-68.116919,2
15.777588,0.658094,3
54.495901,29.719649,0
-22.219645,30.444985,3
51.475527,-0.421881,0
48.857113,2.350155,0
51.555685,-0.111475,0
-6.012897,30.007387,3
53.193933,-1.649312,0
54.220092,-4.580372,0
45.511237,-73.781517,2
48.235433,-4.283944,0
24.278086,5.188966,0
19.813871,-89.228197,2
6.219325,117.303753,1
17.585145,31.98592,1
23.736524,69.978706,1
51.510208,-0.087099,0
45.689438,-117.073101,2
51.251845,-2.632866,0
35.201324,-118.535618,2
33.639637,-81.457473,2
18.987332,15.998452,1
38.243145,24.063243,0
40.191278,18.746315,0
13.451152,144.657146,1
48.856671,2.346629,0
26.848858,80.931673,1
36.929539,-91.312611,2
49.409292,2.403622,0
49.732709,10.794356,0
58.981447,-2.95959,0
53.348059,-6.295916,0
60.286752,16.911809,0
72.144331,59.887042,0
36.984924,30.463781,0
49.154704,-55.702279,2
48.203523,16.36941,0
53.343931,-6.269421,0
22.261189,-80.501395,2
41.533218,0.50244,0
-23.13607,-134.987488,3
42.505214,88.713126,1
46.167933,8.793214,0
52.388483,0.212214,0
3.908368,16.325023,3
52.477809,-1.903526,0
36.934139,-77.569919,2
42.116199,23.05334,0
51.363863,1.077379,0
45.321977,10.740121,0
50.891316,0.601355,0
37.647386,14.151536,0
66.010094,-15.728636,0
33.041697,47.678797,1
40.712637,-73.994657,2
51.512745,-0.091562,0
48.645702,3.067346,0
51.51119,-0.118557,0
43.656146,-70.256465,2
18.604036,46.285797,1
51.508711,-0.194342,0
43.934502,-70.335663,2
53.742975,-0.332927,0
52.836955,-2.162566,0
52.086362,33.480327,0
50.666284,4.918907,0
51.053916,13.751203,0
23.731078,-101.843296,2
51.720573,-2.987203,0
48.267286,17.71017,0
52.78522,-2.050139,0
30.95919,42.857901,1
56.019677,-4.741228,0
-23.050515,-63.470625,3
55.966058,10.055487,0
37.973531,23.728349,0
29.978728,-90.086119,2
51.531819,-0.123612,0
-16.217824,168.130778,4
43.289323,26.941377,0
36.181844,-90.399443,2
26.497879,-107.069581,2
52.371658,4.898012,0
38.185379,-81.5034,2
52.019905,-9.55383,0
32.966426,35.340566,1
47.766668,28.295374,0
35.648183,-96.535245,2
52.370989,4.898149,0
23.123613,113.270842,1
39.932986,-75.4031,2
-18.847773,29.814584,3
45.14963,10.787946,0
46.754703,14.383999,0
46.606622,41.336383,0
22.895324,96.474515,1
36.494793,-81.459435,2
41.022234,28.992326,0
46.906643,-2.152668,0
46.980241,-2.009486,0
-37.498795,143.881677,4
19.061541,-98.186241,2
39.554251,-105.831166,2
31.624942,-7.985298,0
41.926483,-3.780529,0
15.660112,32.301475,1
60.718444,28.732482,0
36.14004,-113.18824,2
15.900762,8.036544,3
-37.209787,-73.167153,3
48.863367,2.337146,0
-19.222479,47.290843,3
52.372776,13.211542,0
45.300966,10.70568,0
12.03468,78.061552,1
0.794655,11.151672,3
16.865647,8.64181,3
38.455378,-121.733394,2
48.311169,-123.410719,2
51.615189,14.96562,0
35.409902,-81.284398,2
20.996889,-54.833504,2
47.511288,13.873494,0
54.909332,-6.151694,0
44.360838,28.669025,0
54.689124,-1.194093,0
52.425291,4.718605,0
59.330738,18.051762,0
40.861802,28.064349,0
51.491806,-0.15627,0
79.697934,10.820802,0
55.729428,13.199412,0
34.39323,-82.089441,2
54.710418,-1.732382,0
46.870765,7.812757,0
43.09963,5.909029,0
43.928164,-70.346728,2
19.971007,-99.717086,2
35.262104,-83.410111,2
59.226916,-2.892713,0
52.636159,-2.706731,0
45.161181,6.845494,0
32.101636,81.544551,1
36.501174,25.682954,0
57.042021,-5.028972,0
38.808305,-77.595746,2
-28.75128,-62.474376,3
37.72046,13.904057,0
27.877658,1.122937,0
77.498042,14.702886,0
56.277201,12.509862,0
31.373793,35.542015,1
51.509706,-0.079244,0
53.785672,-2.749032,0
6.129043,-4.10589,3
37.977076,23.734933,0
62.894419,22.962011,0
38.162232,126.059349,1
-6.858298,18.78909,3
43.055779,-79.141004,2
48.58138,7.753329,0
-6.605407,37.946909,3
51.26775,0.519353,0
41.728002,-71.72486,2
-19.411623,31.181495,3
39.473382,-76.270491,2
12.953644,79.960596,1
55.958695,-3.184048,0
-5.217351,31.016263,3
59.90934,10.740077,0
51.335982,12.361702,0
-14.752332,-52.88351,3
52.296073,4.321641,0
41.066677,38.009221,0
50.160738,-5.041872,0
55.643696,-3.524083,0
29.670226,-89.826508,2
47.159606,152.254774,1
50.156945,-5.061455,0
7.695991,33.690544,3
53.902132,11.46404,0
20.176648,-156.021903,2
49.507675,5.188163,0
39.437248,-76.337507,2
53.97656,-1.190541,0
42.352165,-71.103064,2
51.487592,0.841836,0
49.105728,4.779001,0
14.997799,103.396797,1
51.887723,-5.101113,0
5.707579,75.470757,1
39.185164,-84.289443,2
45.881354,-76.902837,2
52.569802,-1.847567,0
36.51038,-79.674258,2
52.273709,1.001544,0
54.734383,-1.775481,0
0.038114,120.017669,1
41.102811,29.007213,0
52.664422,0.947237,0
46.10829,-0.294397,0
37.644942,-94.141628,2
40.277118,-74.310059,2
23.762467,-100.253982,2
47.715675,15.26505,0
42.786716,30.227595,0
32.554856,35.393313,1
2.143599,18.476961,3
-0.758864,14.489716,3
15.022733,-91.169782,2
57.018333,-4.731436,0
38.355493,22.038592,0
55.068839,-3.609324,0
29.092199,15.879684,0
44.527434,33.64242,0
48.424449,8.500796,0
55.825022,-5.095159,0
-41.555856,173.000686,4
-4.955521,30.402508,3
46.753756,2.181953,0
8.269492,12.859492,3
-51.740779,-59.483235,3
46.96298,-2.221117,0
46.81106,8.247739,0
50.083509,8.241392,0
48.868759,2.338544,0
48.583444,7.762986,0
51.510098,-0.140274,0
29.535388,110.538716,1
44.005275,7.523333,0
47.196423,13.325084,0
40.758604,14.331984,0
45.672046,9.161563,0
53.517183,25.014671,0
44.075914,-73.87255,2
40.799816,-73.95047,2
39.563852,-3.934389,0
58.109419,38.164556,0
43.186053,-73.666166,2
37.883855,-4.777667,0
38.241843,20.825297,0
46.904163,7.258251,0
44.546302,-92.646854,2
3.858013,16.467209,3
31.976632,34.427104,1
46.486993,25.566918,0
48.611054,2.920873,0
55.50633,28.756898,0
51.503527,-0.113238,0
37.367187,-76.907783,2
42.790883,-71.087039,2
50.691447,-3.923367,0
51.49234,-0.076046,0
39.761399,-84.180931,2
36.071509,-97.696258,2
32.554291,124.945567,1
53.360251,-8.125689,0
56.703199,-2.482428,0
50.230218,11.853738,0
35.15422,6.557303,0
51.705689,18.39691,0
48.855748,2.342083,0
-42.973634,146.56879,4
56.199477,-2.876827,0
45.068317,11.788929,0
50.118086,8.910968,0
40.850073,13.396957,0
51.517114,-0.123299,0
15.63043,32.501319,1
51.931676,5.445746,0
40.827796,-81.778922,2
12.797707,80.075735,1
36.402393,17.074885,0
47.914353,1.175708,0
51.554894,-1.124321,0
32.573598,-82.387431,2
56.709688,-4.660324,0
29.87071,-88.748415,2
62.367993,18.905988,0
52.493321,-1.872129,0
32.905554,-7.457174,0
54.23476,-4.521051,0
5.138001,98.857981,1
41.716952,12.894424,0
25.994366,80.894236,1
48.929473,5.013924,0
59.580297,28.13853,0
51.334348,5.024184,0
54.323294,-4.382806,0
46.892546,-1.886724,0
54.597409,-5.927432,0
28.81518,32.705287,1
64.892783,-18.931263,0
-19.953977,146.450855,4
46.855251,8.150758,0
56.464413,-2.972105,0
3.810287,19.397715,3
50.901609,-0.091497,0
-1.610619,-59.855108,3
52.205213,0.121258,0
43.012437,-75.24476,2
1.086807,114.02573,1
50.16272,5.280527,0
51.161954,-2.60728,0
48.774269,9.169616,0
53.080441,-1.611307,0
40.153246,12.086573,0
53.081503,8.806202,0
34.254602,-84.805196,2
48.813165,2.103497,0
52.329912,-1.540951,0
49.702475,4.945858,0
50.993294,0.904645,0
-6.830141,33.923586,3
47.497936,19.036259,0
38.79847,121.255062,1
51.056456,13.735266,0
41.616633,-94.577757,2
40.703356,-73.98895,2
38.5912,24.662657,0
36.102685,-113.121112,2
50.439581,-5.022494,0
27.217753,77.498135,1
20.80901,82.281958,1
37.775313,15.052277,0
51.217334,0.683593,0
55.652023,-3.681751,0
19.954099,-0.802995,3
51.267287,-0.328496,0
55.903526,12.994493,0
19.973999,78.532286,1
40.707238,-74.010387,2
36.134281,-5.34764,0
31.344846,30.202849,1
56.998312,-5.116596,0
-5.654783,26.598169,3
38.671235,21.31891,0
52.964444,-2.285313,0
31.784008,35.232988,1
18.309674,90.511851,1
45.526483,33.583663,0
28.393711,52.967468,1
55.959997,-3.189097,0
19.189051,117.121004,1
34.378145,76.98675,1
21.581082,8.320931,1
52.407379,-1.510158,0
52.848033,24.86911,0
32.476976,13.354441,0
52.503427,-7.092489,0
25.888032,-97.495269,2
19.271161,-76.028372,2
18.804324,-71.730175,2
28.504558,31.743838,1
35.822199,-82.94388,2
46.81642,-1.91536,0
48.487972,9.399205,0
41.124365,-106.065502,2
1.145197,19.97159,3
51.51271,-0.114647,0
54.870468,36.158545,0
53.958137,-1.082042,0
38.930444,-78.11306,2
36.823355,-83.326333,2
38.643458,24.608143,0
50.501376,2.372119,0
37.595449,22.628116,0
